{"cameraMode":{"drawMode":0,"name":"Shaded","section":"Shading Mode"},"sceneLighting":true,"audioPlay":false,"sceneViewState":{"showFog":true,"showMaterialUpdate":false,"showSkybox":true,"showFlares":true,"showImageEffects":true,"showParticleSystems":true},"in2DMode":false,"pivot":{"x":1609.353759765625,"y":588.6714477539063,"z":2273.7392578125},"rotation":{"x":-0.03029954992234707,"y":-0.018893135711550714,"z":0.0005729595432057977,"w":-0.9993630051612854},"size":4218.25,"orthographic":false}