{"cameraMode":{"drawMode":0,"name":"Shaded","section":"Shading Mode"},"sceneLighting":false,"audioPlay":false,"sceneViewState":{"showFog":true,"showMaterialUpdate":false,"showSkybox":false,"showFlares":true,"showImageEffects":true,"showParticleSystems":true},"in2DMode":false,"pivot":{"x":1163.0379638671875,"y":636.0623779296875,"z":-119.764404296875},"rotation":{"x":-0.01830851100385189,"y":-0.002402530051767826,"z":0.00004413378337631002,"w":-0.9998300671577454},"size":22.0,"orthographic":false}