{"cameraMode":{"drawMode":0,"name":"Shaded","section":"Shading Mode"},"sceneLighting":true,"audioPlay":false,"sceneViewState":{"showFog":true,"showMaterialUpdate":false,"showSkybox":true,"showFlares":true,"showImageEffects":true,"showParticleSystems":true},"in2DMode":false,"pivot":{"x":345.95355224609377,"y":227.90472412109376,"z":23.632843017578126},"rotation":{"x":0.0056902258656919,"y":0.006596687249839306,"z":0.000037547772080870345,"w":-0.9999622106552124},"size":667.7532348632813,"orthographic":false}