{"cameraMode":{"drawMode":0,"name":"Shaded","section":"Shading Mode"},"sceneLighting":true,"audioPlay":false,"sceneViewState":{"showFog":true,"showMaterialUpdate":false,"showSkybox":true,"showFlares":true,"showImageEffects":true,"showParticleSystems":true},"in2DMode":false,"pivot":{"x":338.9181823730469,"y":229.13571166992188,"z":16.329986572265626},"rotation":{"x":-0.001809667912311852,"y":0.0035975666251033546,"z":-0.000006449329248425784,"w":-0.9999926686286926},"size":464.3062438964844,"orthographic":false}