{"cameraMode":{"drawMode":0,"name":"Shaded","section":"Shading Mode"},"sceneLighting":true,"audioPlay":false,"sceneViewState":{"showFog":true,"showMaterialUpdate":false,"showSkybox":true,"showFlares":true,"showImageEffects":true,"showParticleSystems":true},"in2DMode":false,"pivot":{"x":307.11358642578127,"y":248.46456909179688,"z":0.86248779296875},"rotation":{"x":-0.001809667912311852,"y":0.0035975666251033546,"z":-0.000006449329248425784,"w":-0.9999926686286926},"size":553.0066528320313,"orthographic":false}